영역,유형,표준점수,남자,여자
국어,국어,144,93,58
국어,국어,142,256,181
국어,국어,141,161,147
국어,국어,140,395,242
국어,국어,139,583,422
국어,국어,138,539,398
국어,국어,137,1013,843
국어,국어,136,851,720
국어,국어,134,1413,1081
국어,국어,133,1381,1165
국어,국어,132,1633,1344
국어,국어,131,1927,1621
국어,국어,130,1902,1710
국어,국어,129,2371,2186
국어,국어,128,2344,2092
국어,국어,127,2784,2546
국어,국어,126,2653,2563
국어,국어,125,3017,2872
국어,국어,124,3146,2942
국어,국어,123,3253,3061
국어,국어,122,3558,3508
국어,국어,120,3405,3288
국어,국어,119,3720,3646
국어,국어,118,3606,3735
국어,국어,117,3839,3928
국어,국어,116,3880,4001
국어,국어,115,3995,4052
국어,국어,114,3931,4096
국어,국어,113,4022,4155
국어,국어,112,4014,4166
국어,국어,111,3964,4233
국어,국어,110,4034,4259
국어,국어,109,3982,4176
국어,국어,108,4129,4242
국어,국어,106,3986,4145
국어,국어,105,4203,4264
국어,국어,104,4085,4204
국어,국어,103,4080,4178
국어,국어,102,3830,4158
국어,국어,101,3918,4097
국어,국어,100,3850,4106
국어,국어,99,3829,4050
국어,국어,98,3859,3879
국어,국어,97,3763,3832
국어,국어,96,3537,3883
국어,국어,95,3609,3814
국어,국어,94,3502,3559
국어,국어,92,3406,3588
국어,국어,91,3401,3384
국어,국어,90,3357,3375
국어,국어,89,3252,3257
국어,국어,88,3217,3258
국어,국어,87,3074,2987
국어,국어,86,2996,2951
국어,국어,85,2926,2861
국어,국어,84,2915,2682
국어,국어,83,2824,2704
국어,국어,82,2805,2603
국어,국어,81,2594,2402
국어,국어,80,2491,2371
국어,국어,78,2484,2274
국어,국어,77,2414,2091
국어,국어,76,2285,1923
국어,국어,75,2203,1960
국어,국어,74,2078,1789
국어,국어,73,2103,1679
국어,국어,72,1999,1600
국어,국어,71,2029,1450
국어,국어,70,1852,1337
국어,국어,69,1851,1296
국어,국어,68,1783,1221
국어,국어,67,1588,1163
국어,국어,66,1649,1129
국어,국어,64,2102,1226
국어,국어,63,1521,945
국어,국어,62,1351,757
국어,국어,61,1345,834
국어,국어,60,1205,658
국어,국어,59,1118,587
국어,국어,58,824,516
국어,국어,57,1763,690
국어,국어,56,849,463
국어,국어,55,566,286
국어,국어,54,474,256
국어,국어,53,556,293
국어,국어,52,319,162
국어,국어,50,219,110
국어,국어,49,193,87
국어,국어,48,130,62
국어,국어,47,114,50
국어,국어,46,50,35
국어,국어,45,64,36
국어,국어,44,26,25
국어,국어,43,28,18
국어,국어,42,12,8
국어,국어,41,11,10
국어,국어,40,5,6
국어,국어,39,13,10
국어,국어,36,135,58
수학,수학 가형,137,790,181
수학,수학 가형,135,16,8
수학,수학 가형,134,124,35
수학,수학 가형,133,1476,435
수학,수학 가형,132,5,0
수학,수학 가형,131,389,120
수학,수학 가형,130,2568,919
수학,수학 가형,129,15,3
수학,수학 가형,128,152,51
수학,수학 가형,127,629,190
수학,수학 가형,126,3199,1288
수학,수학 가형,125,29,8
수학,수학 가형,124,1397,497
수학,수학 가형,123,3822,1626
수학,수학 가형,122,74,27
수학,수학 가형,121,412,161
수학,수학 가형,120,1559,634
수학,수학 가형,119,3566,1803
수학,수학 가형,118,825,329
수학,수학 가형,117,2094,907
수학,수학 가형,116,3313,1674
수학,수학 가형,115,279,93
수학,수학 가형,114,884,425
수학,수학 가형,113,2471,1223
수학,수학 가형,112,3023,1688
수학,수학 가형,111,1371,687
수학,수학 가형,110,2539,1385
수학,수학 가형,109,1744,1083
수학,수학 가형,108,706,333
수학,수학 가형,107,1756,949
수학,수학 가형,106,3412,2002
수학,수학 가형,105,938,547
수학,수학 가형,104,1829,1001
수학,수학 가형,103,1726,1008
수학,수학 가형,102,888,546
수학,수학 가형,101,1337,727
수학,수학 가형,100,1694,1027
수학,수학 가형,99,2127,1245
수학,수학 가형,98,1339,855
수학,수학 가형,97,1273,738
수학,수학 가형,96,861,546
수학,수학 가형,95,1035,600
수학,수학 가형,94,1217,775
수학,수학 가형,93,1720,1073
수학,수학 가형,92,1027,658
수학,수학 가형,91,933,575
수학,수학 가형,90,796,470
수학,수학 가형,89,879,538
수학,수학 가형,88,858,541
수학,수학 가형,87,1492,951
수학,수학 가형,86,842,475
수학,수학 가형,85,766,448
수학,수학 가형,84,675,403
수학,수학 가형,83,738,479
수학,수학 가형,82,695,452
수학,수학 가형,81,660,402
수학,수학 가형,80,1413,890
수학,수학 가형,79,648,410
수학,수학 가형,78,637,342
수학,수학 가형,77,640,419
수학,수학 가형,76,617,394
수학,수학 가형,75,607,418
수학,수학 가형,74,1288,794
수학,수학 가형,73,563,352
수학,수학 가형,72,711,396
수학,수학 가형,71,629,431
수학,수학 가형,70,643,374
수학,수학 가형,69,697,420
수학,수학 가형,68,1338,721
수학,수학 가형,67,780,429
수학,수학 가형,66,636,332
수학,수학 가형,65,1248,567
수학,수학 가형,64,553,334
수학,수학 가형,63,714,370
수학,수학 가형,62,1049,525
수학,수학 가형,61,411,224
수학,수학 가형,60,499,230
수학,수학 가형,59,329,142
수학,수학 가형,58,619,314
수학,수학 가형,57,301,157
수학,수학 가형,56,160,79
수학,수학 가형,55,268,151
수학,수학 가형,54,59,33
수학,수학 가형,53,77,27
수학,수학 가형,52,45,9
수학,수학 가형,50,105,33
수학,수학 나형,137,929,498
수학,수학 나형,135,25,27
수학,수학 나형,134,1930,1448
수학,수학 나형,133,21,15
수학,수학 나형,132,123,88
수학,수학 나형,131,4419,4371
수학,수학 나형,130,74,63
수학,수학 나형,129,383,376
수학,수학 나형,128,6502,7150
수학,수학 나형,127,183,152
수학,수학 나형,126,1049,1030
수학,수학 나형,125,6342,7580
수학,수학 나형,124,314,261
수학,수학 나형,123,1648,1702
수학,수학 나형,122,4566,5670
수학,수학 나형,121,433,391
수학,수학 나형,120,1960,2379
수학,수학 나형,119,3002,3763
수학,수학 나형,118,700,746
수학,수학 나형,117,2091,2527
수학,수학 나형,116,1995,2552
수학,수학 나형,115,1067,1163
수학,수학 나형,114,1904,2365
수학,수학 나형,113,1483,1823
수학,수학 나형,112,1426,1539
수학,수학 나형,111,2165,2680
수학,수학 나형,110,793,902
수학,수학 나형,109,1422,1726
수학,수학 나형,108,1626,2046
수학,수학 나형,107,1124,1273
수학,수학 나형,106,1278,1586
수학,수학 나형,105,1571,1819
수학,수학 나형,104,1305,1594
수학,수학 나형,103,898,1204
수학,수학 나형,102,1804,2132
수학,수학 나형,101,1125,1448
수학,수학 나형,100,1711,2107
수학,수학 나형,99,1256,1610
수학,수학 나형,98,854,1152
수학,수학 나형,97,2075,2616
수학,수학 나형,96,1100,1490
수학,수학 나형,95,820,1153
수학,수학 나형,94,2347,2928
수학,수학 나형,93,945,1279
수학,수학 나형,92,1041,1298
수학,수학 나형,91,2430,3114
수학,수학 나형,90,1052,1286
수학,수학 나형,89,2456,3381
수학,수학 나형,88,1059,1421
수학,수학 나형,87,1270,1656
수학,수학 나형,86,2433,3396
수학,수학 나형,85,1393,1822
수학,수학 나형,84,1403,1809
수학,수학 나형,83,2833,3861
수학,수학 나형,82,1406,1935
수학,수학 나형,81,1532,2137
수학,수학 나형,80,3288,4381
수학,수학 나형,79,1890,2624
수학,수학 나형,78,3717,4830
수학,수학 나형,77,4596,4870
수학,수학 나형,76,1931,2499
수학,수학 나형,75,4173,5246
수학,수학 나형,74,2460,3170
수학,수학 나형,73,1345,1652
수학,수학 나형,72,2175,2591
수학,수학 나형,71,1115,1294
수학,수학 나형,70,1073,1239
수학,수학 나형,69,905,1159
수학,수학 나형,68,407,543
수학,수학 나형,67,404,481
수학,수학 나형,66,130,156
수학,수학 나형,65,90,118
수학,수학 나형,64,166,129
사회탐구,생활과 윤리,65,1948,3496
사회탐구,생활과 윤리,64,2089,4140
사회탐구,생활과 윤리,63,1635,2832
사회탐구,생활과 윤리,62,530,1073
사회탐구,생활과 윤리,61,3519,7022
사회탐구,생활과 윤리,60,1051,2246
사회탐구,생활과 윤리,59,1946,3819
사회탐구,생활과 윤리,58,546,1042
사회탐구,생활과 윤리,57,2473,4949
사회탐구,생활과 윤리,56,571,1088
사회탐구,생활과 윤리,55,1158,2215
사회탐구,생활과 윤리,54,1492,2963
사회탐구,생활과 윤리,53,1028,1962
사회탐구,생활과 윤리,52,748,1357
사회탐구,생활과 윤리,51,746,1481
사회탐구,생활과 윤리,50,1698,3163
사회탐구,생활과 윤리,49,940,1750
사회탐구,생활과 윤리,48,942,1708
사회탐구,생활과 윤리,47,1970,3563
사회탐구,생활과 윤리,46,1067,1704
사회탐구,생활과 윤리,45,1096,1990
사회탐구,생활과 윤리,44,1083,2013
사회탐구,생활과 윤리,43,2266,3797
사회탐구,생활과 윤리,42,1129,1898
사회탐구,생활과 윤리,41,1212,1945
사회탐구,생활과 윤리,40,2214,3733
사회탐구,생활과 윤리,39,1198,1787
사회탐구,생활과 윤리,38,1088,1572
사회탐구,생활과 윤리,37,1962,2041
사회탐구,생활과 윤리,36,1973,2675
사회탐구,생활과 윤리,35,782,958
사회탐구,생활과 윤리,34,1245,1237
사회탐구,생활과 윤리,33,1179,1379
사회탐구,생활과 윤리,32,408,420
사회탐구,생활과 윤리,31,258,251
사회탐구,생활과 윤리,30,301,245
사회탐구,생활과 윤리,29,301,289
사회탐구,생활과 윤리,28,107,94
사회탐구,생활과 윤리,26,66,75
사회탐구,윤리와 사상,64,609,1069
사회탐구,윤리와 사상,63,505,988
사회탐구,윤리와 사상,62,519,978
사회탐구,윤리와 사상,61,623,1309
사회탐구,윤리와 사상,60,299,564
사회탐구,윤리와 사상,59,158,410
사회탐구,윤리와 사상,58,516,1110
사회탐구,윤리와 사상,57,171,504
사회탐구,윤리와 사상,56,254,538
사회탐구,윤리와 사상,55,293,661
사회탐구,윤리와 사상,54,164,358
사회탐구,윤리와 사상,53,257,665
사회탐구,윤리와 사상,52,133,312
사회탐구,윤리와 사상,51,122,291
사회탐구,윤리와 사상,50,300,653
사회탐구,윤리와 사상,49,163,365
사회탐구,윤리와 사상,48,321,673
사회탐구,윤리와 사상,47,185,355
사회탐구,윤리와 사상,46,185,309
사회탐구,윤리와 사상,45,429,726
사회탐구,윤리와 사상,44,196,354
사회탐구,윤리와 사상,43,217,386
사회탐구,윤리와 사상,42,482,766
사회탐구,윤리와 사상,41,253,395
사회탐구,윤리와 사상,40,523,722
사회탐구,윤리와 사상,39,320,359
사회탐구,윤리와 사상,38,275,344
사회탐구,윤리와 사상,37,855,820
사회탐구,윤리와 사상,36,234,252
사회탐구,윤리와 사상,35,251,216
사회탐구,윤리와 사상,34,481,461
사회탐구,윤리와 사상,33,147,99
사회탐구,윤리와 사상,32,205,190
사회탐구,윤리와 사상,31,54,32
사회탐구,윤리와 사상,30,24,25
사회탐구,윤리와 사상,29,26,28
사회탐구,윤리와 사상,28,12,15
사회탐구,한국지리,63,2189,1824
사회탐구,한국지리,61,2681,2778
사회탐구,한국지리,60,432,429
사회탐구,한국지리,59,1701,1988
사회탐구,한국지리,58,615,735
사회탐구,한국지리,57,642,767
사회탐구,한국지리,56,794,931
사회탐구,한국지리,55,345,427
사회탐구,한국지리,54,297,369
사회탐구,한국지리,53,641,779
사회탐구,한국지리,52,319,382
사회탐구,한국지리,51,574,695
사회탐구,한국지리,50,372,447
사회탐구,한국지리,49,285,364
사회탐구,한국지리,48,662,831
사회탐구,한국지리,47,289,366
사회탐구,한국지리,46,367,506
사회탐구,한국지리,45,753,901
사회탐구,한국지리,44,421,552
사회탐구,한국지리,43,800,1016
사회탐구,한국지리,42,445,520
사회탐구,한국지리,41,404,484
사회탐구,한국지리,40,883,1036
사회탐구,한국지리,39,425,493
사회탐구,한국지리,38,424,449
사회탐구,한국지리,37,833,931
사회탐구,한국지리,36,416,408
사회탐구,한국지리,35,925,740
사회탐구,한국지리,34,349,274
사회탐구,한국지리,33,529,349
사회탐구,한국지리,32,317,267
사회탐구,한국지리,31,104,84
사회탐구,한국지리,30,137,84
사회탐구,한국지리,29,82,60
사회탐구,한국지리,28,45,23
사회탐구,한국지리,27,30,16
사회탐구,세계지리,63,2690,2109
사회탐구,세계지리,62,1105,1162
사회탐구,세계지리,61,523,452
사회탐구,세계지리,60,439,511
사회탐구,세계지리,59,842,892
사회탐구,세계지리,58,453,507
사회탐구,세계지리,57,557,668
사회탐구,세계지리,56,338,356
사회탐구,세계지리,55,554,665
사회탐구,세계지리,54,236,262
사회탐구,세계지리,53,444,541
사회탐구,세계지리,52,237,275
사회탐구,세계지리,51,443,533
사회탐구,세계지리,50,231,272
사회탐구,세계지리,49,461,540
사회탐구,세계지리,48,238,273
사회탐구,세계지리,47,483,566
사회탐구,세계지리,46,262,284
사회탐구,세계지리,45,560,633
사회탐구,세계지리,44,281,302
사회탐구,세계지리,43,668,737
사회탐구,세계지리,42,319,347
사회탐구,세계지리,41,735,800
사회탐구,세계지리,40,369,399
사회탐구,세계지리,39,758,878
사회탐구,세계지리,38,381,418
사회탐구,세계지리,37,1128,933
사회탐구,세계지리,36,355,361
사회탐구,세계지리,35,585,530
사회탐구,세계지리,34,207,200
사회탐구,세계지리,33,106,157
사회탐구,세계지리,32,192,198
사회탐구,세계지리,31,53,63
사회탐구,세계지리,30,41,48
사회탐구,세계지리,29,25,15
사회탐구,동아시아사,67,599,319
사회탐구,동아시아사,66,120,96
사회탐구,동아시아사,65,809,645
사회탐구,동아시아사,64,358,346
사회탐구,동아시아사,63,528,324
사회탐구,동아시아사,62,106,113
사회탐구,동아시아사,61,653,520
사회탐구,동아시아사,60,210,209
사회탐구,동아시아사,59,465,411
사회탐구,동아시아사,58,250,281
사회탐구,동아시아사,57,227,195
사회탐구,동아시아사,56,387,377
사회탐구,동아시아사,55,154,148
사회탐구,동아시아사,54,201,204
사회탐구,동아시아사,53,380,287
사회탐구,동아시아사,52,201,235
사회탐구,동아시아사,51,187,177
사회탐구,동아시아사,50,413,402
사회탐구,동아시아사,49,189,198
사회탐구,동아시아사,48,499,480
사회탐구,동아시아사,47,261,261
사회탐구,동아시아사,46,277,339
사회탐구,동아시아사,45,619,583
사회탐구,동아시아사,44,334,389
사회탐구,동아시아사,43,373,357
사회탐구,동아시아사,42,719,833
사회탐구,동아시아사,41,465,496
사회탐구,동아시아사,40,718,783
사회탐구,동아시아사,39,339,368
사회탐구,동아시아사,38,289,309
사회탐구,동아시아사,37,465,524
사회탐구,동아시아사,36,208,202
사회탐구,동아시아사,35,259,179
사회탐구,동아시아사,34,215,192
사회탐구,동아시아사,33,22,29
사회탐구,동아시아사,32,45,45
사회탐구,동아시아사,31,14,9
사회탐구,세계사,67,854,346
사회탐구,세계사,65,725,429
사회탐구,세계사,64,104,102
사회탐구,세계사,63,539,323
사회탐구,세계사,62,193,128
사회탐구,세계사,61,388,282
사회탐구,세계사,60,242,159
사회탐구,세계사,59,314,239
사회탐구,세계사,58,186,162
사회탐구,세계사,57,147,97
사회탐구,세계사,56,301,250
사회탐구,세계사,55,128,108
사회탐구,세계사,54,293,216
사회탐구,세계사,53,128,108
사회탐구,세계사,52,260,199
사회탐구,세계사,51,144,127
사회탐구,세계사,50,143,97
사회탐구,세계사,49,296,243
사회탐구,세계사,48,158,139
사회탐구,세계사,47,374,321
사회탐구,세계사,46,253,203
사회탐구,세계사,45,532,410
사회탐구,세계사,44,320,244
사회탐구,세계사,43,742,590
사회탐구,세계사,42,375,321
사회탐구,세계사,41,395,344
사회탐구,세계사,40,779,664
사회탐구,세계사,39,362,365
사회탐구,세계사,38,656,489
사회탐구,세계사,37,195,202
사회탐구,세계사,36,212,227
사회탐구,세계사,35,22,15
사회탐구,세계사,34,65,69
사회탐구,세계사,32,5,7
사회탐구,경제,69,59,11
사회탐구,경제,67,140,28
사회탐구,경제,66,15,6
사회탐구,경제,65,130,19
사회탐구,경제,64,71,15
사회탐구,경제,63,202,51
사회탐구,경제,62,62,21
사회탐구,경제,61,86,41
사회탐구,경제,60,123,58
사회탐구,경제,59,163,70
사회탐구,경제,58,91,39
사회탐구,경제,57,69,26
사회탐구,경제,56,163,69
사회탐구,경제,55,75,40
사회탐구,경제,54,73,47
사회탐구,경제,53,44,33
사회탐구,경제,52,123,64
사회탐구,경제,51,66,31
사회탐구,경제,50,65,32
사회탐구,경제,49,68,31
사회탐구,경제,48,136,82
사회탐구,경제,47,63,28
사회탐구,경제,46,63,30
사회탐구,경제,45,74,38
사회탐구,경제,44,160,67
사회탐구,경제,43,85,43
사회탐구,경제,42,111,43
사회탐구,경제,41,190,91
사회탐구,경제,40,99,48
사회탐구,경제,39,152,68
사회탐구,경제,38,177,80
사회탐구,경제,37,173,68
사회탐구,경제,36,55,28
사회탐구,경제,35,55,25
사회탐구,경제,34,22,18
사회탐구,경제,33,38,17
사회탐구,경제,32,7,6
사회탐구,경제,31,6,3
사회탐구,경제,29,5,2
사회탐구,정치와 법,69,118,104
사회탐구,정치와 법,67,259,236
사회탐구,정치와 법,66,111,121
사회탐구,정치와 법,65,502,547
사회탐구,정치와 법,64,118,162
사회탐구,정치와 법,63,338,432
사회탐구,정치와 법,62,247,319
사회탐구,정치와 법,61,545,789
사회탐구,정치와 법,60,160,279
사회탐구,정치와 법,59,287,406
사회탐구,정치와 법,58,431,645
사회탐구,정치와 법,57,239,374
사회탐구,정치와 법,56,172,273
사회탐구,정치와 법,55,193,352
사회탐구,정치와 법,54,349,530
사회탐구,정치와 법,53,204,291
사회탐구,정치와 법,52,148,230
사회탐구,정치와 법,51,192,321
사회탐구,정치와 법,50,296,534
사회탐구,정치와 법,49,169,273
사회탐구,정치와 법,48,172,261
사회탐구,정치와 법,47,361,683
사회탐구,정치와 법,46,196,327
사회탐구,정치와 법,45,188,335
사회탐구,정치와 법,44,219,314
사회탐구,정치와 법,43,453,707
사회탐구,정치와 법,42,243,379
사회탐구,정치와 법,41,274,407
사회탐구,정치와 법,40,245,374
사회탐구,정치와 법,39,924,953
사회탐구,정치와 법,38,228,283
사회탐구,정치와 법,37,273,336
사회탐구,정치와 법,36,177,210
사회탐구,정치와 법,35,419,474
사회탐구,정치와 법,34,79,90
사회탐구,정치와 법,33,107,124
사회탐구,정치와 법,32,88,75
사회탐구,정치와 법,31,52,30
사회탐구,정치와 법,29,17,9
사회탐구,사회·문화,71,312,247
사회탐구,사회·문화,69,175,151
사회탐구,사회·문화,68,750,942
사회탐구,사회·문화,67,70,53
사회탐구,사회·문화,66,928,1046
사회탐구,사회·문화,65,981,1566
사회탐구,사회·문화,64,459,596
사회탐구,사회·문화,63,1668,2503
사회탐구,사회·문화,62,925,1686
사회탐구,사회·문화,61,1361,1999
사회탐구,사회·문화,60,2745,5085
사회탐구,사회·문화,59,1921,3273
사회탐구,사회·문화,58,1360,2605
사회탐구,사회·문화,57,1420,2384
사회탐구,사회·문화,56,1675,3429
사회탐구,사회·문화,55,1169,2100
사회탐구,사회·문화,54,1569,2872
사회탐구,사회·문화,53,1229,2424
사회탐구,사회·문화,52,1343,2195
사회탐구,사회·문화,51,1371,2723
사회탐구,사회·문화,50,1074,2013
사회탐구,사회·문화,49,1348,2407
사회탐구,사회·문화,48,1102,2155
사회탐구,사회·문화,47,2493,4410
사회탐구,사회·문화,46,1073,1990
사회탐구,사회·문화,45,1261,2238
사회탐구,사회·문화,44,1069,1927
사회탐구,사회·문화,43,1190,1897
사회탐구,사회·문화,42,1169,1917
사회탐구,사회·문화,41,999,1692
사회탐구,사회·문화,40,1136,1800
사회탐구,사회·문화,39,1036,1501
사회탐구,사회·문화,38,1055,1441
사회탐구,사회·문화,37,1640,1847
사회탐구,사회·문화,36,878,1129
사회탐구,사회·문화,35,846,1084
사회탐구,사회·문화,34,1474,1806
사회탐구,사회·문화,33,1913,1527
사회탐구,사회·문화,32,442,529
사회탐구,사회·문화,31,439,510
사회탐구,사회·문화,30,276,272
사회탐구,사회·문화,29,293,283
사회탐구,사회·문화,28,136,169
사회탐구,사회·문화,27,89,68
사회탐구,사회·문화,26,122,105
사회탐구,사회·문화,24,68,63
과학탐구,물리학 I,64,3030,458
과학탐구,물리학 I,63,1794,292
과학탐구,물리학 I,62,1825,277
과학탐구,물리학 I,61,877,173
과학탐구,물리학 I,60,2147,395
과학탐구,물리학 I,59,2751,551
과학탐구,물리학 I,58,1557,313
과학탐구,물리학 I,57,1128,218
과학탐구,물리학 I,56,2512,584
과학탐구,물리학 I,55,1283,241
과학탐구,물리학 I,54,1089,269
과학탐구,물리학 I,53,930,200
과학탐구,물리학 I,52,1950,429
과학탐구,물리학 I,51,863,207
과학탐구,물리학 I,50,815,196
과학탐구,물리학 I,49,1528,413
과학탐구,물리학 I,48,725,204
과학탐구,물리학 I,47,755,198
과학탐구,물리학 I,46,805,230
과학탐구,물리학 I,45,1555,395
과학탐구,물리학 I,44,808,212
과학탐구,물리학 I,43,760,212
과학탐구,물리학 I,42,1592,441
과학탐구,물리학 I,41,890,240
과학탐구,물리학 I,40,827,221
과학탐구,물리학 I,39,1653,418
과학탐구,물리학 I,38,806,224
과학탐구,물리학 I,37,790,211
과학탐구,물리학 I,36,726,174
과학탐구,물리학 I,35,1624,355
과학탐구,물리학 I,34,561,122
과학탐구,물리학 I,33,991,187
과학탐구,물리학 I,32,766,152
과학탐구,물리학 I,31,373,65
과학탐구,물리학 I,30,161,36
과학탐구,물리학 I,29,183,32
과학탐구,물리학 I,28,155,22
과학탐구,물리학 I,27,58,9
과학탐구,물리학 I,25,55,12
과학탐구,화학 I,68,677,207
과학탐구,화학 I,66,340,127
과학탐구,화학 I,65,1506,572
과학탐구,화학 I,64,83,27
과학탐구,화학 I,63,3588,1586
과학탐구,화학 I,62,609,311
과학탐구,화학 I,61,3017,1516
과학탐구,화학 I,60,1174,574
과학탐구,화학 I,59,1225,769
과학탐구,화학 I,58,2061,1252
과학탐구,화학 I,57,816,524
과학탐구,화학 I,56,2737,1767
과학탐구,화학 I,55,868,597
과학탐구,화학 I,54,1267,1005
과학탐구,화학 I,53,928,698
과학탐구,화학 I,52,957,825
과학탐구,화학 I,51,1087,852
과학탐구,화학 I,50,1754,1518
과학탐구,화학 I,49,802,711
과학탐구,화학 I,48,900,760
과학탐구,화학 I,47,1014,796
과학탐구,화학 I,46,825,680
과학탐구,화학 I,45,1062,881
과학탐구,화학 I,44,1801,1526
과학탐구,화학 I,43,967,793
과학탐구,화학 I,42,924,669
과학탐구,화학 I,41,1030,844
과학탐구,화학 I,40,888,644
과학탐구,화학 I,39,955,730
과학탐구,화학 I,38,887,685
과학탐구,화학 I,37,1691,1307
과학탐구,화학 I,36,713,544
과학탐구,화학 I,35,707,535
과학탐구,화학 I,34,629,441
과학탐구,화학 I,33,622,360
과학탐구,화학 I,32,533,408
과학탐구,화학 I,31,646,402
과학탐구,화학 I,30,383,195
과학탐구,화학 I,29,88,57
과학탐구,화학 I,28,137,54
과학탐구,화학 I,27,23,17
과학탐구,화학 I,26,48,22
과학탐구,화학 I,25,42,16
과학탐구,생명과학 I,71,507,231
과학탐구,생명과학 I,70,242,132
과학탐구,생명과학 I,69,1283,766
과학탐구,생명과학 I,68,80,54
과학탐구,생명과학 I,67,1175,776
과학탐구,생명과학 I,66,1309,915
과학탐구,생명과학 I,65,567,436
과학탐구,생명과학 I,64,2100,1516
과학탐구,생명과학 I,63,954,740
과학탐구,생명과학 I,62,1523,1288
과학탐구,생명과학 I,61,1999,1570
과학탐구,생명과학 I,60,1145,990
과학탐구,생명과학 I,59,2141,1913
과학탐구,생명과학 I,58,1506,1310
과학탐구,생명과학 I,57,1713,1570
과학탐구,생명과학 I,56,2066,1937
과학탐구,생명과학 I,55,3630,3639
과학탐구,생명과학 I,54,1621,1566
과학탐구,생명과학 I,53,1893,1810
과학탐구,생명과학 I,52,1950,2070
과학탐구,생명과학 I,51,1565,1591
과학탐구,생명과학 I,50,2074,2240
과학탐구,생명과학 I,49,1622,1782
과학탐구,생명과학 I,48,1853,1839
과학탐구,생명과학 I,47,1903,2073
과학탐구,생명과학 I,46,1596,1612
과학탐구,생명과학 I,45,1887,2034
과학탐구,생명과학 I,44,1621,1653
과학탐구,생명과학 I,43,1688,1693
과학탐구,생명과학 I,42,1676,1707
과학탐구,생명과학 I,41,1411,1358
과학탐구,생명과학 I,40,2908,2625
과학탐구,생명과학 I,39,1319,1165
과학탐구,생명과학 I,38,1316,1174
과학탐구,생명과학 I,37,1118,853
과학탐구,생명과학 I,36,1350,1044
과학탐구,생명과학 I,35,1074,744
과학탐구,생명과학 I,34,910,551
과학탐구,생명과학 I,33,854,544
과학탐구,생명과학 I,32,507,327
과학탐구,생명과학 I,31,1566,725
과학탐구,생명과학 I,30,333,208
과학탐구,생명과학 I,29,288,134
과학탐구,생명과학 I,28,187,97
과학탐구,생명과학 I,27,94,46
과학탐구,생명과학 I,26,122,67
과학탐구,생명과학 I,25,96,30
과학탐구,지구과학 I,72,627,195
과학탐구,지구과학 I,71,743,221
과학탐구,지구과학 I,70,778,296
과학탐구,지구과학 I,69,402,127
과학탐구,지구과학 I,68,1449,499
과학탐구,지구과학 I,67,812,347
과학탐구,지구과학 I,66,1040,386
과학탐구,지구과학 I,65,1646,730
과학탐구,지구과학 I,64,2544,1139
과학탐구,지구과학 I,63,1741,830
과학탐구,지구과학 I,62,1163,530
과학탐구,지구과학 I,61,2034,1001
과학탐구,지구과학 I,60,1552,868
과학탐구,지구과학 I,59,1500,761
과학탐구,지구과학 I,58,2245,1219
과학탐구,지구과학 I,57,3380,1861
과학탐구,지구과학 I,56,2043,1210
과학탐구,지구과학 I,55,1530,927
과학탐구,지구과학 I,54,2032,1213
과학탐구,지구과학 I,53,1781,1083
과학탐구,지구과학 I,52,1729,1040
과학탐구,지구과학 I,51,2150,1202
과학탐구,지구과학 I,50,3699,2256
과학탐구,지구과학 I,49,1885,1247
과학탐구,지구과학 I,48,1816,1090
과학탐구,지구과학 I,47,2262,1322
과학탐구,지구과학 I,46,1958,1209
과학탐구,지구과학 I,45,2104,1390
과학탐구,지구과학 I,44,4313,2635
과학탐구,지구과학 I,43,2153,1399
과학탐구,지구과학 I,42,2175,1353
과학탐구,지구과학 I,41,2142,1438
과학탐구,지구과학 I,40,2800,1527
과학탐구,지구과학 I,39,2045,1194
과학탐구,지구과학 I,38,1879,1162
과학탐구,지구과학 I,37,3181,2009
과학탐구,지구과학 I,36,1983,1125
과학탐구,지구과학 I,35,1126,676
과학탐구,지구과학 I,34,630,396
과학탐구,지구과학 I,33,702,440
과학탐구,지구과학 I,32,411,196
과학탐구,지구과학 I,31,208,78
과학탐구,지구과학 I,30,218,124
과학탐구,지구과학 I,29,120,47
과학탐구,물리학 II,62,307,15
과학탐구,물리학 II,61,194,11
과학탐구,물리학 II,60,73,6
과학탐구,물리학 II,59,233,23
과학탐구,물리학 II,58,61,3
과학탐구,물리학 II,57,154,19
과학탐구,물리학 II,56,51,5
과학탐구,물리학 II,55,75,6
과학탐구,물리학 II,54,93,9
과학탐구,물리학 II,53,45,17
과학탐구,물리학 II,52,75,13
과학탐구,물리학 II,51,39,4
과학탐구,물리학 II,50,80,14
과학탐구,물리학 II,49,32,6
과학탐구,물리학 II,48,56,13
과학탐구,물리학 II,47,30,4
과학탐구,물리학 II,46,55,13
과학탐구,물리학 II,45,23,8
과학탐구,물리학 II,44,33,4
과학탐구,물리학 II,43,64,9
과학탐구,물리학 II,42,39,10
과학탐구,물리학 II,41,72,18
과학탐구,물리학 II,40,39,11
과학탐구,물리학 II,39,69,17
과학탐구,물리학 II,38,54,14
과학탐구,물리학 II,37,89,20
과학탐구,물리학 II,36,46,7
과학탐구,물리학 II,35,94,17
과학탐구,물리학 II,34,27,3
과학탐구,물리학 II,33,82,13
과학탐구,물리학 II,32,15,3
과학탐구,물리학 II,31,19,5
과학탐구,물리학 II,30,10,2
과학탐구,물리학 II,29,7,1
과학탐구,물리학 II,28,17,1
과학탐구,화학 II,70,24,1
과학탐구,화학 II,68,14,5
과학탐구,화학 II,67,38,7
과학탐구,화학 II,66,50,8
과학탐구,화학 II,65,42,8
과학탐구,화학 II,64,25,2
과학탐구,화학 II,63,87,10
과학탐구,화학 II,62,95,17
과학탐구,화학 II,61,98,24
과학탐구,화학 II,60,44,10
과학탐구,화학 II,59,98,12
과학탐구,화학 II,58,138,37
과학탐구,화학 II,57,78,29
과학탐구,화학 II,56,56,18
과학탐구,화학 II,55,67,22
과학탐구,화학 II,54,96,34
과학탐구,화학 II,53,70,20
과학탐구,화학 II,52,44,18
과학탐구,화학 II,51,47,18
과학탐구,화학 II,50,80,34
과학탐구,화학 II,49,33,18
과학탐구,화학 II,48,39,25
과학탐구,화학 II,47,47,22
과학탐구,화학 II,46,54,33
과학탐구,화학 II,45,40,22
과학탐구,화학 II,44,31,20
과학탐구,화학 II,43,42,26
과학탐구,화학 II,42,105,52
과학탐구,화학 II,41,38,25
과학탐구,화학 II,40,44,17
과학탐구,화학 II,39,64,22
과학탐구,화학 II,38,130,59
과학탐구,화학 II,37,34,22
과학탐구,화학 II,36,58,22
과학탐구,화학 II,35,45,29
과학탐구,화학 II,34,47,26
과학탐구,화학 II,33,12,7
과학탐구,화학 II,32,12,2
과학탐구,화학 II,31,16,4
과학탐구,화학 II,30,14,1
과학탐구,생명과학 II,69,45,19
과학탐구,생명과학 II,68,18,7
과학탐구,생명과학 II,67,138,55
과학탐구,생명과학 II,66,1,0
과학탐구,생명과학 II,65,88,50
과학탐구,생명과학 II,64,164,89
과학탐구,생명과학 II,63,129,75
과학탐구,생명과학 II,62,105,51
과학탐구,생명과학 II,61,71,47
과학탐구,생명과학 II,60,219,160
과학탐구,생명과학 II,59,113,68
과학탐구,생명과학 II,58,115,84
과학탐구,생명과학 II,57,77,55
과학탐구,생명과학 II,56,202,144
과학탐구,생명과학 II,55,80,59
과학탐구,생명과학 II,54,80,96
과학탐구,생명과학 II,53,51,75
과학탐구,생명과학 II,52,119,143
과학탐구,생명과학 II,51,53,49
과학탐구,생명과학 II,50,56,62
과학탐구,생명과학 II,49,62,59
과학탐구,생명과학 II,48,128,126
과학탐구,생명과학 II,47,72,78
과학탐구,생명과학 II,46,81,69
과학탐구,생명과학 II,45,67,78
과학탐구,생명과학 II,44,161,182
과학탐구,생명과학 II,43,75,93
과학탐구,생명과학 II,42,104,79
과학탐구,생명과학 II,41,104,120
과학탐구,생명과학 II,40,174,207
과학탐구,생명과학 II,39,91,124
과학탐구,생명과학 II,38,75,78
과학탐구,생명과학 II,37,122,91
과학탐구,생명과학 II,36,110,117
과학탐구,생명과학 II,35,73,59
과학탐구,생명과학 II,34,19,21
과학탐구,생명과학 II,33,46,36
과학탐구,생명과학 II,32,33,23
과학탐구,생명과학 II,31,10,9
과학탐구,생명과학 II,29,11,6
과학탐구,지구과학 II,69,28,4
과학탐구,지구과학 II,67,33,4
과학탐구,지구과학 II,66,63,12
과학탐구,지구과학 II,65,79,13
과학탐구,지구과학 II,64,39,8
과학탐구,지구과학 II,63,89,19
과학탐구,지구과학 II,62,188,30
과학탐구,지구과학 II,61,128,36
과학탐구,지구과학 II,60,92,18
과학탐구,지구과학 II,59,108,26
과학탐구,지구과학 II,58,174,53
과학탐구,지구과학 II,57,118,29
과학탐구,지구과학 II,56,71,20
과학탐구,지구과학 II,55,164,47
과학탐구,지구과학 II,54,55,13
과학탐구,지구과학 II,53,80,26
과학탐구,지구과학 II,52,70,18
과학탐구,지구과학 II,51,105,37
과학탐구,지구과학 II,50,40,14
과학탐구,지구과학 II,49,56,16
과학탐구,지구과학 II,48,33,17
과학탐구,지구과학 II,47,103,39
과학탐구,지구과학 II,46,47,25
과학탐구,지구과학 II,45,55,15
과학탐구,지구과학 II,44,52,29
과학탐구,지구과학 II,43,148,44
과학탐구,지구과학 II,42,67,30
과학탐구,지구과학 II,41,66,37
과학탐구,지구과학 II,40,84,34
과학탐구,지구과학 II,39,177,73
과학탐구,지구과학 II,38,95,48
과학탐구,지구과학 II,37,96,39
과학탐구,지구과학 II,36,130,41
과학탐구,지구과학 II,35,49,26
과학탐구,지구과학 II,34,23,12
과학탐구,지구과학 II,33,37,12
과학탐구,지구과학 II,32,21,5
과학탐구,지구과학 II,31,8,4
과학탐구,지구과학 II,29,9,3
직업탐구,농업 이해,72,4,2
직업탐구,농업 이해,69,7,5
직업탐구,농업 이해,67,5,4
직업탐구,농업 이해,66,1,2
직업탐구,농업 이해,65,1,3
직업탐구,농업 이해,64,1,3
직업탐구,농업 이해,62,3,5
직업탐구,농업 이해,61,1,3
직업탐구,농업 이해,60,3,3
직업탐구,농업 이해,59,2,3
직업탐구,농업 이해,58,2,5
직업탐구,농업 이해,57,5,2
직업탐구,농업 이해,56,6,2
직업탐구,농업 이해,55,5,2
직업탐구,농업 이해,54,5,4
직업탐구,농업 이해,53,7,6
직업탐구,농업 이해,52,2,3
직업탐구,농업 이해,51,2,2
직업탐구,농업 이해,50,6,5
직업탐구,농업 이해,49,4,1
직업탐구,농업 이해,48,16,11
직업탐구,농업 이해,47,6,9
직업탐구,농업 이해,46,6,6
직업탐구,농업 이해,45,4,6
직업탐구,농업 이해,44,5,5
직업탐구,농업 이해,43,7,2
직업탐구,농업 이해,42,3,5
직업탐구,농업 이해,41,4,5
직업탐구,농업 이해,40,5,4
직업탐구,농업 이해,39,4,5
직업탐구,농업 이해,38,4,5
직업탐구,농업 이해,37,4,1
직업탐구,농업 이해,36,4,3
직업탐구,농업 이해,35,7,2
직업탐구,농업 이해,34,1,0
직업탐구,농업 이해,32,1,1
직업탐구,농업 이해,31,0,1
직업탐구,농업 이해,30,2,1
직업탐구,농업 기초 기술,75,1,1
직업탐구,농업 기초 기술,72,3,2
직업탐구,농업 기초 기술,70,0,2
직업탐구,농업 기초 기술,69,1,0
직업탐구,농업 기초 기술,67,2,1
직업탐구,농업 기초 기술,66,3,0
직업탐구,농업 기초 기술,65,3,3
직업탐구,농업 기초 기술,64,2,1
직업탐구,농업 기초 기술,63,3,0
직업탐구,농업 기초 기술,62,3,3
직업탐구,농업 기초 기술,61,4,5
직업탐구,농업 기초 기술,60,4,3
직업탐구,농업 기초 기술,59,3,1
직업탐구,농업 기초 기술,58,4,4
직업탐구,농업 기초 기술,57,1,7
직업탐구,농업 기초 기술,55,2,3
직업탐구,농업 기초 기술,54,2,4
직업탐구,농업 기초 기술,53,7,1
직업탐구,농업 기초 기술,52,4,2
직업탐구,농업 기초 기술,51,4,4
직업탐구,농업 기초 기술,50,4,3
직업탐구,농업 기초 기술,49,3,2
직업탐구,농업 기초 기술,48,3,10
직업탐구,농업 기초 기술,47,6,5
직업탐구,농업 기초 기술,46,5,3
직업탐구,농업 기초 기술,45,7,7
직업탐구,농업 기초 기술,44,4,3
직업탐구,농업 기초 기술,43,3,2
직업탐구,농업 기초 기술,42,7,4
직업탐구,농업 기초 기술,41,3,3
직업탐구,농업 기초 기술,40,4,4
직업탐구,농업 기초 기술,39,2,2
직업탐구,농업 기초 기술,38,3,3
직업탐구,농업 기초 기술,37,8,3
직업탐구,농업 기초 기술,36,1,3
직업탐구,농업 기초 기술,35,3,0
직업탐구,농업 기초 기술,34,1,0
직업탐구,농업 기초 기술,33,1,2
직업탐구,농업 기초 기술,32,2,2
직업탐구,농업 기초 기술,31,0,1
직업탐구,공업 일반,67,35,6
직업탐구,공업 일반,66,7,2
직업탐구,공업 일반,65,72,13
직업탐구,공업 일반,63,68,23
직업탐구,공업 일반,62,1,1
직업탐구,공업 일반,61,23,6
직업탐구,공업 일반,60,45,12
직업탐구,공업 일반,59,30,12
직업탐구,공업 일반,58,19,6
직업탐구,공업 일반,57,9,3
직업탐구,공업 일반,56,46,14
직업탐구,공업 일반,55,14,4
직업탐구,공업 일반,54,20,3
직업탐구,공업 일반,53,23,10
직업탐구,공업 일반,52,16,2
직업탐구,공업 일반,51,21,5
직업탐구,공업 일반,50,46,6
직업탐구,공업 일반,49,22,2
직업탐구,공업 일반,48,22,10
직업탐구,공업 일반,47,22,4
직업탐구,공업 일반,46,48,11
직업탐구,공업 일반,45,28,7
직업탐구,공업 일반,44,34,4
직업탐구,공업 일반,43,54,11
직업탐구,공업 일반,42,31,6
직업탐구,공업 일반,41,29,8
직업탐구,공업 일반,40,62,7
직업탐구,공업 일반,39,31,4
직업탐구,공업 일반,38,49,4
직업탐구,공업 일반,37,39,3
직업탐구,공업 일반,36,39,4
직업탐구,공업 일반,35,14,2
직업탐구,공업 일반,34,13,3
직업탐구,공업 일반,33,10,4
직업탐구,공업 일반,32,2,0
직업탐구,공업 일반,31,1,1
직업탐구,공업 일반,29,0,1
직업탐구,기초 제도,67,47,8
직업탐구,기초 제도,65,62,13
직업탐구,기초 제도,63,11,3
직업탐구,기초 제도,62,51,7
직업탐구,기초 제도,61,23,3
직업탐구,기초 제도,60,34,5
직업탐구,기초 제도,59,25,4
직업탐구,기초 제도,58,20,2
직업탐구,기초 제도,57,7,3
직업탐구,기초 제도,56,32,10
직업탐구,기초 제도,55,12,3
직업탐구,기초 제도,54,19,5
직업탐구,기초 제도,53,23,9
직업탐구,기초 제도,52,17,6
직업탐구,기초 제도,51,27,9
직업탐구,기초 제도,50,11,1
직업탐구,기초 제도,49,13,6
직업탐구,기초 제도,48,42,9
직업탐구,기초 제도,47,14,5
직업탐구,기초 제도,46,16,4
직업탐구,기초 제도,45,59,7
직업탐구,기초 제도,44,28,2
직업탐구,기초 제도,43,22,6
직업탐구,기초 제도,42,56,10
직업탐구,기초 제도,41,25,6
직업탐구,기초 제도,40,19,3
직업탐구,기초 제도,39,59,8
직업탐구,기초 제도,38,22,2
직업탐구,기초 제도,37,15,3
직업탐구,기초 제도,36,35,5
직업탐구,기초 제도,35,29,4
직업탐구,기초 제도,34,15,0
직업탐구,기초 제도,33,3,0
직업탐구,기초 제도,32,1,0
직업탐구,기초 제도,31,4,0
직업탐구,기초 제도,30,0,1
직업탐구,상업 경제,72,14,15
직업탐구,상업 경제,70,9,14
직업탐구,상업 경제,69,11,14
직업탐구,상업 경제,68,4,14
직업탐구,상업 경제,67,23,29
직업탐구,상업 경제,66,13,9
직업탐구,상업 경제,65,17,21
직업탐구,상업 경제,64,2,10
직업탐구,상업 경제,63,13,13
직업탐구,상업 경제,62,14,21
직업탐구,상업 경제,61,19,29
직업탐구,상업 경제,60,10,21
직업탐구,상업 경제,59,10,17
직업탐구,상업 경제,58,10,18
직업탐구,상업 경제,57,9,12
직업탐구,상업 경제,56,18,34
직업탐구,상업 경제,55,6,11
직업탐구,상업 경제,54,15,20
직업탐구,상업 경제,53,11,18
직업탐구,상업 경제,52,9,26
직업탐구,상업 경제,51,18,57
직업탐구,상업 경제,50,16,34
직업탐구,상업 경제,49,5,37
직업탐구,상업 경제,48,15,30
직업탐구,상업 경제,47,14,49
직업탐구,상업 경제,46,18,33
직업탐구,상업 경제,45,25,102
직업탐구,상업 경제,44,23,46
직업탐구,상업 경제,43,12,55
직업탐구,상업 경제,42,10,62
직업탐구,상업 경제,41,17,45
직업탐구,상업 경제,40,32,78
직업탐구,상업 경제,39,4,36
직업탐구,상업 경제,38,9,17
직업탐구,상업 경제,37,7,25
직업탐구,상업 경제,36,10,13
직업탐구,상업 경제,35,5,26
직업탐구,상업 경제,34,12,7
직업탐구,상업 경제,33,1,7
직업탐구,상업 경제,32,0,5
직업탐구,상업 경제,31,2,1
직업탐구,상업 경제,29,1,0
직업탐구,회계 원리,75,3,4
직업탐구,회계 원리,73,1,1
직업탐구,회계 원리,72,8,11
직업탐구,회계 원리,70,2,1
직업탐구,회계 원리,69,8,18
직업탐구,회계 원리,68,1,1
직업탐구,회계 원리,67,4,8
직업탐구,회계 원리,66,15,22
직업탐구,회계 원리,65,3,1
직업탐구,회계 원리,64,11,13
직업탐구,회계 원리,63,12,21
직업탐구,회계 원리,62,3,9
직업탐구,회계 원리,61,11,29
직업탐구,회계 원리,60,15,22
직업탐구,회계 원리,59,5,12
직업탐구,회계 원리,58,18,38
직업탐구,회계 원리,57,14,13
직업탐구,회계 원리,56,14,28
직업탐구,회계 원리,55,13,50
직업탐구,회계 원리,54,11,17
직업탐구,회계 원리,53,10,31
직업탐구,회계 원리,52,16,38
직업탐구,회계 원리,51,13,32
직업탐구,회계 원리,50,12,58
직업탐구,회계 원리,49,13,33
직업탐구,회계 원리,48,10,40
직업탐구,회계 원리,47,7,40
직업탐구,회계 원리,46,9,37
직업탐구,회계 원리,45,9,49
직업탐구,회계 원리,44,12,40
직업탐구,회계 원리,43,12,35
직업탐구,회계 원리,42,11,32
직업탐구,회계 원리,41,8,29
직업탐구,회계 원리,40,11,29
직업탐구,회계 원리,39,19,34
직업탐구,회계 원리,38,7,20
직업탐구,회계 원리,37,11,34
직업탐구,회계 원리,36,5,22
직업탐구,회계 원리,35,5,21
직업탐구,회계 원리,34,2,8
직업탐구,회계 원리,33,7,17
직업탐구,회계 원리,32,6,10
직업탐구,회계 원리,31,3,5
직업탐구,회계 원리,30,0,2
직업탐구,회계 원리,29,0,3
직업탐구,회계 원리,28,0,1
직업탐구,회계 원리,27,1,3
직업탐구,회계 원리,25,0,2
직업탐구,해양의 이해,69,1,0
직업탐구,해양의 이해,68,1,0
직업탐구,해양의 이해,67,1,0
직업탐구,해양의 이해,65,0,1
직업탐구,해양의 이해,64,1,0
직업탐구,해양의 이해,60,1,0
직업탐구,해양의 이해,58,1,0
직업탐구,해양의 이해,57,2,0
직업탐구,해양의 이해,56,0,1
직업탐구,해양의 이해,54,1,0
직업탐구,해양의 이해,52,1,0
직업탐구,해양의 이해,51,1,0
직업탐구,해양의 이해,49,1,0
직업탐구,해양의 이해,48,0,1
직업탐구,해양의 이해,46,1,0
직업탐구,해양의 이해,44,2,0
직업탐구,해양의 이해,43,1,0
직업탐구,해양의 이해,42,1,0
직업탐구,해양의 이해,41,4,0
직업탐구,해양의 이해,40,1,0
직업탐구,해양의 이해,38,3,1
직업탐구,수산·해운 산업 기초,67,1,0
직업탐구,수산·해운 산업 기초,65,1,0
직업탐구,수산·해운 산업 기초,64,2,0
직업탐구,수산·해운 산업 기초,62,1,0
직업탐구,수산·해운 산업 기초,57,2,0
직업탐구,수산·해운 산업 기초,54,1,0
직업탐구,수산·해운 산업 기초,51,1,0
직업탐구,수산·해운 산업 기초,50,1,0
직업탐구,수산·해운 산업 기초,49,3,1
직업탐구,수산·해운 산업 기초,44,1,1
직업탐구,수산·해운 산업 기초,43,1,0
직업탐구,수산·해운 산업 기초,39,1,0
직업탐구,수산·해운 산업 기초,38,1,1
직업탐구,수산·해운 산업 기초,35,1,0
직업탐구,수산·해운 산업 기초,33,1,0
직업탐구,인간 발달,70,13,32
직업탐구,인간 발달,68,6,17
직업탐구,인간 발달,67,9,23
직업탐구,인간 발달,66,1,7
직업탐구,인간 발달,65,9,31
직업탐구,인간 발달,64,1,18
직업탐구,인간 발달,63,2,8
직업탐구,인간 발달,62,2,7
직업탐구,인간 발달,61,6,22
직업탐구,인간 발달,60,4,5
직업탐구,인간 발달,59,2,9
직업탐구,인간 발달,58,6,7
직업탐구,인간 발달,57,2,8
직업탐구,인간 발달,56,8,11
직업탐구,인간 발달,55,4,9
직업탐구,인간 발달,54,5,17
직업탐구,인간 발달,53,7,10
직업탐구,인간 발달,52,6,27
직업탐구,인간 발달,51,8,23
직업탐구,인간 발달,50,3,29
직업탐구,인간 발달,49,2,17
직업탐구,인간 발달,48,10,25
직업탐구,인간 발달,47,9,61
직업탐구,인간 발달,46,12,25
직업탐구,인간 발달,45,6,33
직업탐구,인간 발달,44,12,39
직업탐구,인간 발달,43,15,65
직업탐구,인간 발달,42,17,36
직업탐구,인간 발달,41,10,26
직업탐구,인간 발달,40,6,23
직업탐구,인간 발달,39,19,26
직업탐구,인간 발달,38,6,13
직업탐구,인간 발달,37,4,6
직업탐구,인간 발달,36,5,5
직업탐구,인간 발달,35,3,11
직업탐구,인간 발달,34,7,6
직업탐구,인간 발달,33,4,3
직업탐구,인간 발달,32,0,1
직업탐구,인간 발달,31,1,0
직업탐구,인간 발달,30,0,2
직업탐구,인간 발달,29,1,0
직업탐구,생활 서비스 산업의 이해,68,20,35
직업탐구,생활 서비스 산업의 이해,66,4,8
직업탐구,생활 서비스 산업의 이해,65,24,41
직업탐구,생활 서비스 산업의 이해,64,2,0
직업탐구,생활 서비스 산업의 이해,63,5,10
직업탐구,생활 서비스 산업의 이해,62,22,29
직업탐구,생활 서비스 산업의 이해,61,14,22
직업탐구,생활 서비스 산업의 이해,60,13,16
직업탐구,생활 서비스 산업의 이해,59,3,4
직업탐구,생활 서비스 산업의 이해,58,9,20
직업탐구,생활 서비스 산업의 이해,57,6,14
직업탐구,생활 서비스 산업의 이해,56,9,15
직업탐구,생활 서비스 산업의 이해,55,7,16
직업탐구,생활 서비스 산업의 이해,54,8,9
직업탐구,생활 서비스 산업의 이해,53,11,25
직업탐구,생활 서비스 산업의 이해,52,14,37
직업탐구,생활 서비스 산업의 이해,51,12,32
직업탐구,생활 서비스 산업의 이해,50,11,28
직업탐구,생활 서비스 산업의 이해,49,10,32
직업탐구,생활 서비스 산업의 이해,48,11,30
직업탐구,생활 서비스 산업의 이해,47,11,36
직업탐구,생활 서비스 산업의 이해,46,17,37
직업탐구,생활 서비스 산업의 이해,45,9,31
직업탐구,생활 서비스 산업의 이해,44,9,32
직업탐구,생활 서비스 산업의 이해,43,14,34
직업탐구,생활 서비스 산업의 이해,42,12,42
직업탐구,생활 서비스 산업의 이해,41,12,22
직업탐구,생활 서비스 산업의 이해,40,13,12
직업탐구,생활 서비스 산업의 이해,39,3,14
직업탐구,생활 서비스 산업의 이해,38,5,11
직업탐구,생활 서비스 산업의 이해,37,8,11
직업탐구,생활 서비스 산업의 이해,36,5,7
직업탐구,생활 서비스 산업의 이해,35,2,14
직업탐구,생활 서비스 산업의 이해,34,6,5
직업탐구,생활 서비스 산업의 이해,33,9,18
직업탐구,생활 서비스 산업의 이해,32,4,5
직업탐구,생활 서비스 산업의 이해,31,5,6
직업탐구,생활 서비스 산업의 이해,30,3,3
직업탐구,생활 서비스 산업의 이해,28,2,0
직업탐구,생활 서비스 산업의 이해,27,1,2
직업탐구,생활 서비스 산업의 이해,25,1,0
직업탐구,생활 서비스 산업의 이해,24,2,0
직업탐구,생활 서비스 산업의 이해,23,3,0
제2외국어 한문,독일어 I,70,1,1
제2외국어 한문,독일어 I,68,3,6
제2외국어 한문,독일어 I,67,1,3
제2외국어 한문,독일어 I,66,3,11
제2외국어 한문,독일어 I,65,5,10
제2외국어 한문,독일어 I,64,12,23
제2외국어 한문,독일어 I,63,21,37
제2외국어 한문,독일어 I,62,12,16
제2외국어 한문,독일어 I,61,11,34
제2외국어 한문,독일어 I,60,5,23
제2외국어 한문,독일어 I,59,10,25
제2외국어 한문,독일어 I,58,13,40
제2외국어 한문,독일어 I,57,7,23
제2외국어 한문,독일어 I,56,8,16
제2외국어 한문,독일어 I,55,5,14
제2외국어 한문,독일어 I,54,8,18
제2외국어 한문,독일어 I,53,14,19
제2외국어 한문,독일어 I,52,6,10
제2외국어 한문,독일어 I,51,4,8
제2외국어 한문,독일어 I,50,3,9
제2외국어 한문,독일어 I,49,6,8
제2외국어 한문,독일어 I,48,8,25
제2외국어 한문,독일어 I,47,5,7
제2외국어 한문,독일어 I,46,7,15
제2외국어 한문,독일어 I,45,10,18
제2외국어 한문,독일어 I,44,9,12
제2외국어 한문,독일어 I,43,25,33
제2외국어 한문,독일어 I,42,20,19
제2외국어 한문,독일어 I,41,13,17
제2외국어 한문,독일어 I,40,16,17
제2외국어 한문,독일어 I,39,25,25
제2외국어 한문,독일어 I,38,47,33
제2외국어 한문,독일어 I,37,11,8
제2외국어 한문,독일어 I,36,11,13
제2외국어 한문,독일어 I,35,10,1
제2외국어 한문,독일어 I,34,3,6
제2외국어 한문,독일어 I,33,5,2
제2외국어 한문,독일어 I,32,4,0
제2외국어 한문,독일어 I,31,0,1
제2외국어 한문,독일어 I,30,2,3
제2외국어 한문,프랑스어 I,68,5,6
제2외국어 한문,프랑스어 I,67,8,18
제2외국어 한문,프랑스어 I,66,0,5
제2외국어 한문,프랑스어 I,65,9,32
제2외국어 한문,프랑스어 I,64,9,37
제2외국어 한문,프랑스어 I,63,1,22
제2외국어 한문,프랑스어 I,62,12,34
제2외국어 한문,프랑스어 I,61,14,54
제2외국어 한문,프랑스어 I,60,5,34
제2외국어 한문,프랑스어 I,59,9,19
제2외국어 한문,프랑스어 I,58,17,37
제2외국어 한문,프랑스어 I,57,5,23
제2외국어 한문,프랑스어 I,56,3,24
제2외국어 한문,프랑스어 I,55,4,23
제2외국어 한문,프랑스어 I,54,12,24
제2외국어 한문,프랑스어 I,53,6,17
제2외국어 한문,프랑스어 I,52,7,9
제2외국어 한문,프랑스어 I,51,10,30
제2외국어 한문,프랑스어 I,50,5,11
제2외국어 한문,프랑스어 I,49,4,14
제2외국어 한문,프랑스어 I,48,9,26
제2외국어 한문,프랑스어 I,47,4,14
제2외국어 한문,프랑스어 I,46,5,15
제2외국어 한문,프랑스어 I,45,19,50
제2외국어 한문,프랑스어 I,44,12,18
제2외국어 한문,프랑스어 I,43,9,18
제2외국어 한문,프랑스어 I,42,20,12
제2외국어 한문,프랑스어 I,41,22,52
제2외국어 한문,프랑스어 I,40,22,24
제2외국어 한문,프랑스어 I,39,24,33
제2외국어 한문,프랑스어 I,38,41,33
제2외국어 한문,프랑스어 I,37,17,15
제2외국어 한문,프랑스어 I,36,11,19
제2외국어 한문,프랑스어 I,35,14,15
제2외국어 한문,프랑스어 I,34,3,3
제2외국어 한문,프랑스어 I,33,3,3
제2외국어 한문,프랑스어 I,31,5,0
제2외국어 한문,프랑스어 I,30,1,0
제2외국어 한문,스페인어 I,68,4,9
제2외국어 한문,스페인어 I,67,13,42
제2외국어 한문,스페인어 I,66,3,5
제2외국어 한문,스페인어 I,65,10,35
제2외국어 한문,스페인어 I,64,15,62
제2외국어 한문,스페인어 I,63,9,20
제2외국어 한문,스페인어 I,62,12,31
제2외국어 한문,스페인어 I,61,3,18
제2외국어 한문,스페인어 I,60,3,12
제2외국어 한문,스페인어 I,59,11,35
제2외국어 한문,스페인어 I,58,4,20
제2외국어 한문,스페인어 I,57,7,15
제2외국어 한문,스페인어 I,56,8,28
제2외국어 한문,스페인어 I,55,7,9
제2외국어 한문,스페인어 I,54,0,13
제2외국어 한문,스페인어 I,53,14,39
제2외국어 한문,스페인어 I,52,7,6
제2외국어 한문,스페인어 I,51,7,26
제2외국어 한문,스페인어 I,50,5,15
제2외국어 한문,스페인어 I,49,7,15
제2외국어 한문,스페인어 I,48,15,21
제2외국어 한문,스페인어 I,47,8,18
제2외국어 한문,스페인어 I,46,9,24
제2외국어 한문,스페인어 I,45,21,44
제2외국어 한문,스페인어 I,44,12,21
제2외국어 한문,스페인어 I,43,15,28
제2외국어 한문,스페인어 I,42,29,57
제2외국어 한문,스페인어 I,41,26,29
제2외국어 한문,스페인어 I,40,46,59
제2외국어 한문,스페인어 I,39,14,30
제2외국어 한문,스페인어 I,38,21,23
제2외국어 한문,스페인어 I,37,27,30
제2외국어 한문,스페인어 I,36,6,11
제2외국어 한문,스페인어 I,35,2,3
제2외국어 한문,스페인어 I,34,4,4
제2외국어 한문,스페인어 I,33,0,1
제2외국어 한문,스페인어 I,32,1,1
제2외국어 한문,스페인어 I,31,0,1
제2외국어 한문,중국어 I,67,26,59
제2외국어 한문,중국어 I,66,40,85
제2외국어 한문,중국어 I,65,3,4
제2외국어 한문,중국어 I,64,39,100
제2외국어 한문,중국어 I,63,49,132
제2외국어 한문,중국어 I,62,11,33
제2외국어 한문,중국어 I,61,31,123
제2외국어 한문,중국어 I,60,65,146
제2외국어 한문,중국어 I,59,21,47
제2외국어 한문,중국어 I,58,28,83
제2외국어 한문,중국어 I,57,45,132
제2외국어 한문,중국어 I,56,20,60
제2외국어 한문,중국어 I,55,17,52
제2외국어 한문,중국어 I,54,33,108
제2외국어 한문,중국어 I,53,15,62
제2외국어 한문,중국어 I,52,22,48
제2외국어 한문,중국어 I,51,12,40
제2외국어 한문,중국어 I,50,25,82
제2외국어 한문,중국어 I,49,21,32
제2외국어 한문,중국어 I,48,18,51
제2외국어 한문,중국어 I,47,48,86
제2외국어 한문,중국어 I,46,16,49
제2외국어 한문,중국어 I,45,21,55
제2외국어 한문,중국어 I,44,46,88
제2외국어 한문,중국어 I,43,23,54
제2외국어 한문,중국어 I,42,28,58
제2외국어 한문,중국어 I,41,74,130
제2외국어 한문,중국어 I,40,41,75
제2외국어 한문,중국어 I,39,53,78
제2외국어 한문,중국어 I,38,108,154
제2외국어 한문,중국어 I,37,69,84
제2외국어 한문,중국어 I,36,41,59
제2외국어 한문,중국어 I,35,34,64
제2외국어 한문,중국어 I,34,12,10
제2외국어 한문,중국어 I,33,6,9
제2외국어 한문,중국어 I,32,7,6
제2외국어 한문,중국어 I,29,1,0
제2외국어 한문,일본어 I,69,7,24
제2외국어 한문,일본어 I,68,2,2
제2외국어 한문,일본어 I,67,48,62
제2외국어 한문,일본어 I,66,71,97
제2외국어 한문,일본어 I,65,16,28
제2외국어 한문,일본어 I,64,81,108
제2외국어 한문,일본어 I,63,132,189
제2외국어 한문,일본어 I,62,56,73
제2외국어 한문,일본어 I,61,69,96
제2외국어 한문,일본어 I,60,148,153
제2외국어 한문,일본어 I,59,47,58
제2외국어 한문,일본어 I,58,90,134
제2외국어 한문,일본어 I,57,63,61
제2외국어 한문,일본어 I,56,48,55
제2외국어 한문,일본어 I,55,83,105
제2외국어 한문,일본어 I,54,44,38
제2외국어 한문,일본어 I,53,49,65
제2외국어 한문,일본어 I,52,65,106
제2외국어 한문,일본어 I,51,45,39
제2외국어 한문,일본어 I,50,28,50
제2외국어 한문,일본어 I,49,74,91
제2외국어 한문,일본어 I,48,38,49
제2외국어 한문,일본어 I,47,44,55
제2외국어 한문,일본어 I,46,97,112
제2외국어 한문,일본어 I,45,38,54
제2외국어 한문,일본어 I,44,55,65
제2외국어 한문,일본어 I,43,116,153
제2외국어 한문,일본어 I,42,72,95
제2외국어 한문,일본어 I,41,91,95
제2외국어 한문,일본어 I,40,177,228
제2외국어 한문,일본어 I,39,119,145
제2외국어 한문,일본어 I,38,174,145
제2외국어 한문,일본어 I,37,132,143
제2외국어 한문,일본어 I,36,54,46
제2외국어 한문,일본어 I,35,25,36
제2외국어 한문,일본어 I,34,29,25
제2외국어 한문,일본어 I,33,4,7
제2외국어 한문,일본어 I,32,5,3
제2외국어 한문,러시아어 I,68,3,2
제2외국어 한문,러시아어 I,67,6,9
제2외국어 한문,러시아어 I,66,0,5
제2외국어 한문,러시아어 I,65,6,15
제2외국어 한문,러시아어 I,64,5,8
제2외국어 한문,러시아어 I,63,13,21
제2외국어 한문,러시아어 I,62,5,15
제2외국어 한문,러시아어 I,61,9,5
제2외국어 한문,러시아어 I,60,6,11
제2외국어 한문,러시아어 I,59,0,6
제2외국어 한문,러시아어 I,58,5,9
제2외국어 한문,러시아어 I,57,0,8
제2외국어 한문,러시아어 I,56,0,7
제2외국어 한문,러시아어 I,55,0,5
제2외국어 한문,러시아어 I,54,5,1
제2외국어 한문,러시아어 I,53,1,3
제2외국어 한문,러시아어 I,52,1,7
제2외국어 한문,러시아어 I,51,1,2
제2외국어 한문,러시아어 I,50,5,5
제2외국어 한문,러시아어 I,49,3,1
제2외국어 한문,러시아어 I,48,2,0
제2외국어 한문,러시아어 I,47,4,2
제2외국어 한문,러시아어 I,46,9,16
제2외국어 한문,러시아어 I,45,4,6
제2외국어 한문,러시아어 I,44,20,11
제2외국어 한문,러시아어 I,43,12,7
제2외국어 한문,러시아어 I,42,20,26
제2외국어 한문,러시아어 I,41,20,13
제2외국어 한문,러시아어 I,40,30,27
제2외국어 한문,러시아어 I,39,9,7
제2외국어 한문,러시아어 I,38,9,12
제2외국어 한문,러시아어 I,37,2,3
제2외국어 한문,러시아어 I,36,2,1
제2외국어 한문,러시아어 I,34,1,0
제2외국어 한문,아랍어 I,86,105,242
제2외국어 한문,아랍어 I,85,12,32
제2외국어 한문,아랍어 I,84,152,363
제2외국어 한문,아랍어 I,83,30,72
제2외국어 한문,아랍어 I,82,130,273
제2외국어 한문,아랍어 I,81,42,91
제2외국어 한문,아랍어 I,80,82,162
제2외국어 한문,아랍어 I,79,45,102
제2외국어 한문,아랍어 I,78,65,89
제2외국어 한문,아랍어 I,76,41,82
제2외국어 한문,아랍어 I,75,39,74
제2외국어 한문,아랍어 I,74,54,76
제2외국어 한문,아랍어 I,73,42,49
제2외국어 한문,아랍어 I,72,52,67
제2외국어 한문,아랍어 I,71,48,66
제2외국어 한문,아랍어 I,70,44,60
제2외국어 한문,아랍어 I,69,49,58
제2외국어 한문,아랍어 I,68,50,70
제2외국어 한문,아랍어 I,67,48,60
제2외국어 한문,아랍어 I,66,52,55
제2외국어 한문,아랍어 I,65,40,66
제2외국어 한문,아랍어 I,64,62,75
제2외국어 한문,아랍어 I,63,52,75
제2외국어 한문,아랍어 I,62,50,78
제2외국어 한문,아랍어 I,61,60,85
제2외국어 한문,아랍어 I,60,76,112
제2외국어 한문,아랍어 I,59,82,131
제2외국어 한문,아랍어 I,58,107,169
제2외국어 한문,아랍어 I,57,151,220
제2외국어 한문,아랍어 I,56,191,294
제2외국어 한문,아랍어 I,55,276,430
제2외국어 한문,아랍어 I,54,360,566
제2외국어 한문,아랍어 I,53,481,678
제2외국어 한문,아랍어 I,52,664,944
제2외국어 한문,아랍어 I,51,771,1179
제2외국어 한문,아랍어 I,50,921,1289
제2외국어 한문,아랍어 I,48,1124,1670
제2외국어 한문,아랍어 I,47,1615,2062
제2외국어 한문,아랍어 I,46,1217,1678
제2외국어 한문,아랍어 I,45,1326,1840
제2외국어 한문,아랍어 I,44,1377,1741
제2외국어 한문,아랍어 I,43,1378,1961
제2외국어 한문,아랍어 I,42,806,1018
제2외국어 한문,아랍어 I,41,595,746
제2외국어 한문,아랍어 I,40,362,473
제2외국어 한문,아랍어 I,39,214,336
제2외국어 한문,아랍어 I,38,117,192
제2외국어 한문,아랍어 I,37,68,74
제2외국어 한문,아랍어 I,36,26,34
제2외국어 한문,아랍어 I,35,9,15
제2외국어 한문,아랍어 I,34,16,7
제2외국어 한문,베트남어 I,75,9,20
제2외국어 한문,베트남어 I,74,0,1
제2외국어 한문,베트남어 I,73,6,16
제2외국어 한문,베트남어 I,72,4,9
제2외국어 한문,베트남어 I,71,2,1
제2외국어 한문,베트남어 I,70,4,10
제2외국어 한문,베트남어 I,69,4,7
제2외국어 한문,베트남어 I,68,1,3
제2외국어 한문,베트남어 I,67,1,4
제2외국어 한문,베트남어 I,66,4,1
제2외국어 한문,베트남어 I,65,1,3
제2외국어 한문,베트남어 I,64,2,1
제2외국어 한문,베트남어 I,63,1,1
제2외국어 한문,베트남어 I,62,1,4
제2외국어 한문,베트남어 I,61,3,2
제2외국어 한문,베트남어 I,60,0,3
제2외국어 한문,베트남어 I,59,1,1
제2외국어 한문,베트남어 I,58,2,2
제2외국어 한문,베트남어 I,57,0,5
제2외국어 한문,베트남어 I,56,0,5
제2외국어 한문,베트남어 I,55,6,11
제2외국어 한문,베트남어 I,54,5,3
제2외국어 한문,베트남어 I,53,4,10
제2외국어 한문,베트남어 I,52,3,2
제2외국어 한문,베트남어 I,51,7,18
제2외국어 한문,베트남어 I,50,10,11
제2외국어 한문,베트남어 I,49,11,12
제2외국어 한문,베트남어 I,48,10,19
제2외국어 한문,베트남어 I,47,40,52
제2외국어 한문,베트남어 I,46,25,32
제2외국어 한문,베트남어 I,45,25,26
제2외국어 한문,베트남어 I,44,22,39
제2외국어 한문,베트남어 I,43,46,66
제2외국어 한문,베트남어 I,42,8,24
제2외국어 한문,베트남어 I,41,14,10
제2외국어 한문,베트남어 I,40,18,15
제2외국어 한문,베트남어 I,39,3,7
제2외국어 한문,베트남어 I,38,1,1
제2외국어 한문,베트남어 I,37,2,1
제2외국어 한문,한문 I,69,78,18
제2외국어 한문,한문 I,68,23,8
제2외국어 한문,한문 I,67,67,20
제2외국어 한문,한문 I,66,64,22
제2외국어 한문,한문 I,65,36,6
제2외국어 한문,한문 I,64,25,11
제2외국어 한문,한문 I,63,23,13
제2외국어 한문,한문 I,62,55,22
제2외국어 한문,한문 I,61,27,19
제2외국어 한문,한문 I,60,27,8
제2외국어 한문,한문 I,59,24,12
제2외국어 한문,한문 I,58,56,24
제2외국어 한문,한문 I,57,34,19
제2외국어 한문,한문 I,56,27,18
제2외국어 한문,한문 I,55,39,24
제2외국어 한문,한문 I,54,22,31
제2외국어 한문,한문 I,53,48,49
제2외국어 한문,한문 I,52,28,28
제2외국어 한문,한문 I,51,48,32
제2외국어 한문,한문 I,50,30,18
제2외국어 한문,한문 I,49,69,74
제2외국어 한문,한문 I,48,27,36
제2외국어 한문,한문 I,47,30,37
제2외국어 한문,한문 I,46,43,46
제2외국어 한문,한문 I,45,66,82
제2외국어 한문,한문 I,44,30,40
제2외국어 한문,한문 I,43,40,51
제2외국어 한문,한문 I,42,45,63
제2외국어 한문,한문 I,41,75,101
제2외국어 한문,한문 I,40,34,54
제2외국어 한문,한문 I,39,27,54
제2외국어 한문,한문 I,38,30,40
제2외국어 한문,한문 I,37,63,66
제2외국어 한문,한문 I,36,33,25
제2외국어 한문,한문 I,35,13,15
제2외국어 한문,한문 I,34,8,8
제2외국어 한문,한문 I,33,5,10
제2외국어 한문,한문 I,32,1,1
제2외국어 한문,한문 I,30,2,1
제2외국어 한문,한문 I,29,1,2
